Country,ISO3,Region,CPI score,Rank,Sources,Standard error,year
New Zealand,NZL,AP,87,1,8,2.29,2019
Denmark,DNK,WE/EU,87,1,8,2.54,2019
Finland,FIN,WE/EU,86,3,8,2.92,2019
Switzerland,CHE,WE/EU,85,4,7,1.58,2019
Singapore,SGP,AP,85,4,9,2.05,2019
Sweden,SWE,WE/EU,85,4,8,1.98,2019
Norway,NOR,WE/EU,84,7,7,1.65,2019
Netherlands,NLD,WE/EU,82,8,8,2.25,2019
Luxembourg,LUX,WE/EU,80,9,7,1.95,2019
Germany,DEU,WE/EU,80,9,8,3.31,2019
Iceland,ISL,WE/EU,78,11,7,4.63,2019
Canada,CAN,AME,77,12,8,2.80,2019
United Kingdom,GBR,WE/EU,77,12,8,3.34,2019
Australia,AUS,AP,77,12,9,1.32,2019
Austria,AUT,WE/EU,77,12,8,1.57,2019
Hong Kong,HKG,AP,76,16,8,3.15,2019
Belgium,BEL,WE/EU,75,17,7,1.09,2019
Ireland,IRL,WE/EU,74,18,7,3.61,2019
Estonia,EST,WE/EU,74,18,10,1.21,2019
Japan,JPN,AP,73,20,9,3.51,2019
United Arab Emirates,ARE,MENA,71,21,8,5.13,2019
Uruguay,URY,AME,71,21,7,2.47,2019
United States of America,USA,AME,69,23,9,4.12,2019
France,FRA,WE/EU,69,23,8,2.28,2019
Bhutan,BTN,AP,68,25,4,2.76,2019
Chile,CHL,AME,67,26,9,2.55,2019
Seychelles,SYC,SSA,66,27,4,3.40,2019
Taiwan,TWN,AP,65,28,8,3.03,2019
Bahamas,BHS,AME,64,29,3,5.83,2019
Barbados,BRB,AME,62,30,4,6.06,2019
Portugal,PRT,WE/EU,62,30,8,2.82,2019
Qatar,QAT,MENA,62,30,7,8.00,2019
Spain,ESP,WE/EU,62,30,8,3.17,2019
Botswana,BWA,SSA,61,34,7,3.73,2019
Brunei Darussalam,BRN,AP,60,35,3,6.12,2019
Israel,ISR,MENA,60,35,7,1.99,2019
Slovenia,SVN,WE/EU,60,35,10,2.28,2019
Lithuania,LTU,WE/EU,60,35,9,2.32,2019
Saint Vincent and the Grenadines,VCT,AME,59,39,3,4.14,2019
"Korea, South",KOR,AP,59,39,10,2.44,2019
Poland,POL,WE/EU,58,41,10,1.85,2019
Cyprus,CYP,WE/EU,58,41,7,3.41,2019
Cabo Verde,CPV,SSA,58,41,4,4.30,2019
Costa Rica,CRI,AME,56,44,7,3.97,2019
Latvia,LVA,WE/EU,56,44,9,3.53,2019
Czech Republic,CZE,WE/EU,56,44,10,1.87,2019
Georgia,GEO,ECA,56,44,5,3.84,2019
Dominica,DMA,AME,55,48,3,2.16,2019
Saint Lucia,LCA,AME,55,48,3,4.15,2019
Malta,MLT,WE/EU,54,50,6,1.55,2019
Rwanda,RWA,SSA,53,51,7,4.75,2019
Grenada,GRD,AME,53,51,3,4.37,2019
Italy,ITA,WE/EU,53,51,8,3.22,2019
Saudi Arabia,SAU,MENA,53,51,7,7.56,2019
Malaysia,MYS,AP,53,51,9,2.29,2019
Namibia,NAM,SSA,52,56,7,3.13,2019
Mauritius,MUS,SSA,52,56,6,3.12,2019
Oman,OMN,MENA,52,56,6,9.78,2019
Slovakia,SVK,WE/EU,50,59,9,4.57,2019
Jordan,JOR,MENA,48,60,8,3.29,2019
Greece,GRC,WE/EU,48,60,8,2.57,2019
Cuba,CUB,AME,48,60,5,1.87,2019
Croatia,HRV,WE/EU,47,63,10,2.42,2019
Sao Tome and Principe,STP,SSA,46,64,4,5.36,2019
Vanuatu,VUT,AP,46,64,3,6.38,2019
Montenegro,MNE,ECA,45,66,5,4.84,2019
Senegal,SEN,SSA,45,66,9,2.06,2019
Belarus,BLR,ECA,45,66,7,4.20,2019
Argentina,ARG,AME,45,66,8,3.29,2019
Romania,ROU,WE/EU,44,70,10,2.76,2019
Hungary,HUN,WE/EU,44,70,10,2.58,2019
South Africa,ZAF,SSA,44,70,8,3.44,2019
Suriname,SUR,AME,44,70,4,4.76,2019
Jamaica,JAM,AME,43,74,7,3.58,2019
Bulgaria,BGR,WE/EU,43,74,10,2.77,2019
Tunisia,TUN,MENA,43,74,7,3.94,2019
Solomon Islands,SLB,AP,42,77,3,8.69,2019
Bahrain,BHR,MENA,42,77,6,7.65,2019
Armenia,ARM,ECA,42,77,6,4.31,2019
China,CHN,AP,41,80,8,2.10,2019
Morocco,MAR,MENA,41,80,7,3.15,2019
Ghana,GHA,SSA,41,80,9,2.76,2019
India,IND,AP,41,80,9,1.60,2019
Benin,BEN,SSA,41,80,7,2.64,2019
Burkina Faso,BFA,SSA,40,85,8,2.54,2019
Lesotho,LSO,SSA,40,85,6,3.95,2019
Trinidad and Tobago,TTO,AME,40,85,7,5.38,2019
Kuwait,KWT,MENA,40,85,6,1.88,2019
Guyana,GUY,AME,40,85,5,3.34,2019
Indonesia,IDN,AP,40,85,9,3.76,2019
Serbia,SRB,ECA,39,91,8,2.48,2019
Turkey,TUR,ECA,39,91,9,3.34,2019
Sri Lanka,LKA,AP,38,93,7,2.11,2019
Timor-Leste,TLS,AP,38,93,4,4.50,2019
Ecuador,ECU,AME,38,93,7,2.19,2019
Colombia,COL,AME,37,96,8,2.49,2019
Tanzania,TZA,SSA,37,96,9,1.92,2019
Ethiopia,ETH,SSA,37,96,9,1.52,2019
Vietnam,VNM,AP,37,96,8,2.84,2019
Gambia,GMB,SSA,37,96,7,5.98,2019
Kosovo,KSV,ECA,36,101,5,0.81,2019
Bosnia and Herzegovina,BIH,ECA,36,101,7,1.95,2019
Panama,PAN,AME,36,101,7,1.37,2019
Thailand,THA,AP,36,101,9,2.45,2019
Peru,PER,AME,36,101,8,3.07,2019
Albania,ALB,ECA,35,106,8,2.51,2019
Brazil,BRA,AME,35,106,8,4.06,2019
Mongolia,MNG,AP,35,106,9,1.89,2019
Cote d'Ivoire,CIV,SSA,35,106,9,2.49,2019
North Macedonia,MKD,ECA,35,106,7,3.56,2019
Algeria,DZA,MENA,35,106,7,2.59,2019
Egypt,EGY,MENA,35,106,7,4.86,2019
Eswatini,SWZ,SSA,34,113,4,6.08,2019
Zambia,ZMB,SSA,34,113,9,1.97,2019
Philippines,PHL,AP,34,113,9,1.59,2019
El Salvador,SLV,AME,34,113,7,2.56,2019
Kazakhstan,KAZ,ECA,34,113,9,4.18,2019
Nepal,NPL,AP,34,113,6,1.76,2019
Sierra Leone,SLE,SSA,33,119,8,3.47,2019
Niger,NER,SSA,32,120,7,1.72,2019
Pakistan,PAK,AP,32,120,8,2.46,2019
Moldova,MDA,ECA,32,120,9,2.40,2019
Bolivia,BOL,AME,31,123,7,3.00,2019
Gabon,GAB,SSA,31,123,6,2.41,2019
Malawi,MWI,SSA,31,123,9,1.78,2019
Djibouti,DJI,SSA,30,126,5,4.28,2019
Azerbaijan,AZE,ECA,30,126,7,7.16,2019
Ukraine,UKR,ECA,30,126,9,2.38,2019
Kyrgyzstan,KGZ,ECA,30,126,7,2.54,2019
Maldives,MDV,AP,29,130,3,2.57,2019
Togo,TGO,SSA,29,130,7,2.40,2019
Mali,MLI,SSA,29,130,8,2.62,2019
Myanmar,MMR,AP,29,130,7,4.21,2019
Laos,LAO,AP,29,130,5,5.00,2019
Mexico,MEX,AME,29,130,9,1.73,2019
Guinea,GIN,SSA,29,130,8,2.50,2019
Liberia,LBR,SSA,28,137,7,2.67,2019
Dominican Republic,DOM,AME,28,137,7,2.70,2019
Paraguay,PRY,AME,28,137,6,2.84,2019
Papua New Guinea,PNG,AP,28,137,6,2.38,2019
Russia,RUS,ECA,28,137,9,2.48,2019
Lebanon,LBN,MENA,28,137,7,2.27,2019
Kenya,KEN,SSA,28,137,9,2.17,2019
Mauritania,MRT,SSA,28,137,6,2.73,2019
Uganda,UGA,SSA,28,137,9,2.04,2019
Iran,IRN,MENA,26,146,7,3.63,2019
Honduras,HND,AME,26,146,7,3.25,2019
Guatemala,GTM,AME,26,146,7,2.23,2019
Bangladesh,BGD,AP,26,146,8,2.62,2019
Nigeria,NGA,SSA,26,146,8,1.87,2019
Mozambique,MOZ,SSA,26,146,9,2.98,2019
Angola,AGO,SSA,26,146,7,1.82,2019
Comoros,COM,SSA,25,153,4,8.90,2019
Cameroon,CMR,SSA,25,153,9,2.42,2019
Central African Republic,CAF,SSA,25,153,5,1.43,2019
Uzbekistan,UZB,ECA,25,153,7,2.01,2019
Tajikistan,TJK,ECA,25,153,6,6.66,2019
Madagascar,MDG,SSA,24,158,8,2.48,2019
Zimbabwe,ZWE,SSA,24,158,9,2.31,2019
Eritrea,ERI,SSA,23,160,5,6.66,2019
Nicaragua,NIC,AME,22,161,7,1.16,2019
Cambodia,KHM,AP,20,162,8,3.41,2019
Chad,TCD,SSA,20,162,6,2.45,2019
Iraq,IRQ,MENA,20,162,5,2.98,2019
Burundi,BDI,SSA,19,165,6,4.89,2019
Congo,COG,SSA,19,165,6,1.03,2019
Turkmenistan,TKM,ECA,19,165,5,1.42,2019
Haiti,HTI,AME,18,168,6,3.23,2019
Democratic Republic of the Congo,COD,SSA,18,168,9,1.43,2019
Libya,LBY,MENA,18,168,5,2.24,2019
Guinea Bissau,GNB,SSA,18,168,6,2.91,2019
"Korea, North",PRK,AP,17,172,4,3.16,2019
Venezuela,VEN,AME,16,173,8,2.05,2019
Equatorial Guinea,GNQ,SSA,16,173,4,3.00,2019
Sudan,SDN,SSA,16,173,7,2.74,2019
Afghanistan,AFG,AP,16,173,5,2.55,2019
Yemen,YEM,MENA,15,177,7,1.89,2019
Syria,SYR,MENA,13,178,5,1.92,2019
South Sudan,SSD,SSA,12,179,5,1.26,2019
Somalia,SOM,SSA,9,180,5,1.74,2019
New Zealand,NZL,AP,87,2,8,2.44,2018
Denmark,DNK,WE/EU,88,1,8,2.63,2018
Finland,FIN,WE/EU,85,3,8,2.74,2018
Switzerland,CHE,WE/EU,85,3,7,1.57,2018
Singapore,SGP,AP,85,3,9,1.98,2018
Sweden,SWE,WE/EU,85,3,8,2.02,2018
Norway,NOR,WE/EU,84,7,8,2.14,2018
Netherlands,NLD,WE/EU,82,8,8,2.3,2018
Luxembourg,LUX,WE/EU,81,9,7,2.32,2018
Germany,DEU,WE/EU,80,11,8,2.49,2018
Iceland,ISL,WE/EU,76,14,7,4.33,2018
Canada,CAN,AME,81,9,8,2.16,2018
United Kingdom,GBR,WE/EU,80,11,8,2.03,2018
Australia,AUS,AP,77,13,9,1.27,2018
Austria,AUT,WE/EU,76,14,8,1.37,2018
Hong Kong,HKG,AP,76,14,8,2.47,2018
Belgium,BEL,WE/EU,75,17,8,1.09,2018
Ireland,IRL,WE/EU,73,18,7,3.25,2018
Estonia,EST,WE/EU,73,18,10,1.44,2018
Japan,JPN,AP,73,18,9,2.85,2018
United Arab Emirates,ARE,MENA,70,23,8,4.56,2018
Uruguay,URY,AME,70,23,7,2.73,2018
United States of America,USA,AME,71,22,9,3.25,2018
France,FRA,WE/EU,72,21,8,1.17,2018
Bhutan,BTN,AP,68,25,4,2.86,2018
Chile,CHL,AME,67,27,9,1.88,2018
Seychelles,SYC,SSA,66,28,4,3.08,2018
Taiwan,TWN,AP,63,31,8,3.06,2018
Bahamas,BHS,AME,65,29,3,5.39,2018
Barbados,BRB,AME,68,25,3,3.12,2018
Portugal,PRT,WE/EU,64,30,8,2.14,2018
Qatar,QAT,MENA,62,33,7,8.08,2018
Spain,ESP,WE/EU,58,41,8,4.33,2018
Botswana,BWA,SSA,61,34,7,2.76,2018
Brunei Darussalam,BRN,AP,63,31,3,6.62,2018
Israel,ISR,MENA,61,34,7,1.49,2018
Slovenia,SVN,WE/EU,60,36,10,2.37,2018
Lithuania,LTU,WE/EU,59,38,9,2.3,2018
Saint Vincent and the Grenadines,VCT,AME,58,41,3,3.39,2018
"Korea, South",KOR,AP,57,45,10,2.74,2018
Poland,POL,WE/EU,60,36,10,1.69,2018
Cyprus,CYP,WE/EU,59,38,7,3.54,2018
Cabo Verde,CPV,SSA,57,45,4,4.22,2018
Costa Rica,CRI,AME,56,48,7,3.65,2018
Latvia,LVA,WE/EU,58,41,9,2.95,2018
Czech Republic,CZE,WE/EU,59,38,10,2.28,2018
Georgia,GEO,ECA,58,41,6,3.92,2018
Dominica,DMA,AME,57,45,3,2.55,2018
Saint Lucia,LCA,AME,55,50,3,4.27,2018
Malta,MLT,WE/EU,54,51,5,1.39,2018
Rwanda,RWA,SSA,56,48,6,6.07,2018
Grenada,GRD,AME,52,53,3,3,2018
Italy,ITA,WE/EU,52,53,8,3.29,2018
Saudi Arabia,SAU,MENA,49,58,7,6.34,2018
Malaysia,MYS,AP,47,61,9,2.86,2018
Namibia,NAM,SSA,53,52,6,3.72,2018
Mauritius,MUS,SSA,51,56,5,3.83,2018
Oman,OMN,MENA,52,53,6,9.46,2018
Slovakia,SVK,WE/EU,50,57,9,4.11,2018
Jordan,JOR,MENA,49,58,8,3.21,2018
Greece,GRC,WE/EU,45,67,8,2.51,2018
Cuba,CUB,AME,47,61,5,2.56,2018
Croatia,HRV,WE/EU,48,60,10,2.77,2018
Sao Tome and Principe,STP,SSA,46,64,4,5.05,2018
Vanuatu,VUT,AP,46,64,3,5.97,2018
Montenegro,MNE,ECA,45,67,5,4.43,2018
Senegal,SEN,SSA,45,67,9,2.51,2018
Belarus,BLR,ECA,44,70,7,3.92,2018
Argentina,ARG,AME,40,85,8,2.7,2018
Romania,ROU,WE/EU,47,61,10,3.25,2018
Hungary,HUN,WE/EU,46,64,10,2.79,2018
South Africa,ZAF,SSA,43,73,8,3.8,2018
Suriname,SUR,AME,43,73,4,3.22,2018
Jamaica,JAM,AME,44,70,7,3.37,2018
Bulgaria,BGR,WE/EU,42,77,10,2.41,2018
Tunisia,TUN,MENA,43,73,7,3.86,2018
Solomon Islands,SLB,AP,44,70,3,7.38,2018
Bahrain,BHR,MENA,36,99,4,1.81,2018
Armenia,ARM,ECA,35,105,6,4,2018
China,CHN,AP,39,87,8,2.02,2018
Morocco,MAR,MENA,43,73,7,3.68,2018
Ghana,GHA,SSA,41,78,9,2.54,2018
India,IND,AP,41,78,9,2.42,2018
Benin,BEN,SSA,40,85,6,3.14,2018
Burkina Faso,BFA,SSA,41,78,8,1.81,2018
Lesotho,LSO,SSA,41,78,6,3.67,2018
Trinidad and Tobago,TTO,AME,41,78,6,5.8,2018
Kuwait,KWT,MENA,41,78,6,3.47,2018
Guyana,GUY,AME,37,93,5,0.77,2018
Indonesia,IDN,AP,38,89,9,3.35,2018
Serbia,SRB,ECA,39,87,8,2.89,2018
Turkey,TUR,ECA,41,78,9,3.03,2018
Sri Lanka,LKA,AP,38,89,7,1.85,2018
Timor-Leste,TLS,AP,35,105,3,4.81,2018
Ecuador,ECU,AME,34,114,7,3.46,2018
Colombia,COL,AME,36,99,8,2.51,2018
Tanzania,TZA,SSA,36,99,9,1.83,2018
Ethiopia,ETH,SSA,34,114,8,1.52,2018
Vietnam,VNM,AP,33,117,8,2.84,2018
Gambia,GMB,SSA,37,93,6,9.44,2018
Kosovo,KSV,ECA,37,93,5,1.49,2018
Bosnia and Herzegovina,BIH,ECA,38,89,7,1.86,2018
Panama,PAN,AME,37,93,7,1.76,2018
Thailand,THA,AP,36,99,9,2.08,2018
Peru,PER,AME,35,105,8,3.1,2018
Albania,ALB,ECA,36,99,8,1.65,2018
Brazil,BRA,AME,35,105,8,4.05,2018
Mongolia,MNG,AP,37,93,9,1.94,2018
Cote d'Ivoire,CIV,SSA,35,105,9,2.05,2018
North Macedonia,MKD,ECA,37,93,7,3.38,2018
Algeria,DZA,MENA,35,105,6,1.21,2018
Egypt,EGY,MENA,35,105,7,4.59,2018
Eswatini,SWZ,SSA,38,89,3,4.48,2018
Zambia,ZMB,SSA,35,105,9,1.93,2018
Philippines,PHL,AP,36,99,9,1.55,2018
El Salvador,SLV,AME,35,105,7,2.59,2018
Kazakhstan,KAZ,ECA,31,124,9,3.6,2018
Nepal,NPL,AP,31,124,6,1.85,2018
Sierra Leone,SLE,SSA,30,129,9,2.17,2018
Niger,NER,SSA,34,114,6,2.98,2018
Pakistan,PAK,AP,33,117,8,2.06,2018
Moldova,MDA,ECA,33,117,9,2.13,2018
Bolivia,BOL,AME,29,132,7,3.6,2018
Gabon,GAB,SSA,31,124,4,3.92,2018
Malawi,MWI,SSA,32,120,9,2.61,2018
Djibouti,DJI,SSA,31,124,4,5.38,2018
Azerbaijan,AZE,ECA,25,152,6,4.09,2018
Ukraine,UKR,ECA,32,120,9,2.27,2018
Kyrgyzstan,KGZ,ECA,29,132,7,2.37,2018
Maldives,MDV,AP,31,124,3,2.24,2018
Togo,TGO,SSA,30,129,6,2.35,2018
Mali,MLI,SSA,32,120,7,1.38,2018
Myanmar,MMR,AP,29,132,7,3.94,2018
Laos,LAO,AP,29,132,5,5.7,2018
Mexico,MEX,AME,28,138,9,1.83,2018
Guinea,GIN,SSA,28,138,6,2.67,2018
Liberia,LBR,SSA,32,120,8,3.31,2018
Dominican Republic,DOM,AME,30,129,7,2.57,2018
Paraguay,PRY,AME,29,132,6,3.05,2018
Papua New Guinea,PNG,AP,28,138,6,2.47,2018
Russia,RUS,ECA,28,138,9,2.51,2018
Lebanon,LBN,MENA,28,138,7,2.28,2018
Kenya,KEN,SSA,27,144,9,1.82,2018
Mauritania,MRT,SSA,27,144,6,2.95,2018
Uganda,UGA,SSA,26,149,9,2.13,2018
Iran,IRN,MENA,28,138,7,2.89,2018
Honduras,HND,AME,29,132,8,2.42,2018
Guatemala,GTM,AME,27,144,7,2.56,2018
Bangladesh,BGD,AP,26,149,8,2.63,2018
Nigeria,NGA,SSA,27,144,9,2.03,2018
Mozambique,MOZ,SSA,23,158,8,2.64,2018
Angola,AGO,SSA,19,165,6,1.31,2018
Comoros,COM,SSA,27,144,4,9,2018
Cameroon,CMR,SSA,25,152,9,2.43,2018
Central African Republic,CAF,SSA,26,149,5,1.14,2018
Uzbekistan,UZB,ECA,23,158,7,1.93,2018
Tajikistan,TJK,ECA,25,152,6,5.73,2018
Madagascar,MDG,SSA,25,152,7,2.64,2018
Zimbabwe,ZWE,SSA,22,160,9,2.29,2018
Eritrea,ERI,SSA,24,157,5,8.24,2018
Nicaragua,NIC,AME,25,152,8,1.13,2018
Cambodia,KHM,AP,20,161,8,2.58,2018
Chad,TCD,SSA,19,165,6,2.94,2018
Iraq,IRQ,MENA,18,168,5,2.63,2018
Burundi,BDI,SSA,17,170,5,2.65,2018
Congo,COG,SSA,19,165,6,1.04,2018
Turkmenistan,TKM,ECA,20,161,5,1.22,2018
Haiti,HTI,AME,20,161,6,2.47,2018
Democratic Republic of the Congo,COD,SSA,20,161,8,2.13,2018
Libya,LBY,MENA,17,170,5,2.57,2018
Guinea Bissau,GNB,SSA,16,172,5,1.97,2018
"Korea, North",PRK,AP,14,176,4,1.39,2018
Venezuela,VEN,AME,18,168,8,2.13,2018
Equatorial Guinea,GNQ,SSA,16,172,3,2.82,2018
Sudan,SDN,SSA,16,172,7,2.51,2018
Afghanistan,AFG,AP,16,172,5,1.41,2018
Yemen,YEM,MENA,14,176,7,1.45,2018
Syria,SYR,MENA,13,178,5,1.92,2018
South Sudan,SSD,SSA,13,178,5,1.86,2018
Somalia,SOM,SSA,10,180,6,3.08,2018
New Zealand,NZL,AP,89,1,8,2.4,2017
Denmark,DNK,WE/EU,88,2,8,2.75,2017
Finland,FIN,WE/EU,85,3,8,2.84,2017
Switzerland,CHE,WE/EU,85,3,7,1.71,2017
Singapore,SGP,AP,84,6,9,2.26,2017
Sweden,SWE,WE/EU,84,6,8,2.27,2017
Norway,NOR,WE/EU,85,3,8,1.83,2017
Netherlands,NLD,WE/EU,82,8,8,2.23,2017
Luxembourg,LUX,WE/EU,82,8,6,2.08,2017
Germany,DEU,WE/EU,81,12,8,1.87,2017
Iceland,ISL,WE/EU,77,13,7,4.38,2017
Canada,CAN,AME,82,8,8,1.49,2017
United Kingdom,GBR,WE/EU,82,8,8,1.7,2017
Australia,AUS,AP,77,13,9,1.4,2017
Austria,AUT,WE/EU,75,16,8,1.17,2017
Hong Kong,HKG,AP,77,13,7,2.37,2017
Belgium,BEL,WE/EU,75,16,8,1.63,2017
Ireland,IRL,WE/EU,74,19,7,3.68,2017
Estonia,EST,WE/EU,71,21,10,2.21,2017
Japan,JPN,AP,73,20,9,2.66,2017
United Arab Emirates,ARE,MENA,71,21,7,6.26,2017
Uruguay,URY,AME,70,23,7,2.67,2017
United States of America,USA,AME,75,16,9,3.24,2017
France,FRA,WE/EU,70,23,8,1.36,2017
Bhutan,BTN,AP,67,26,5,1.83,2017
Chile,CHL,AME,67,26,9,2.03,2017
Seychelles,SYC,SSA,60,36,4,8.32,2017
Taiwan,TWN,AP,63,29,8,3.28,2017
Bahamas,BHS,AME,65,28,3,5.39,2017
Barbados,BRB,AME,68,25,3,3.24,2017
Portugal,PRT,WE/EU,63,29,8,2.56,2017
Qatar,QAT,MENA,63,29,7,7.5,2017
Spain,ESP,WE/EU,57,42,8,3.78,2017
Botswana,BWA,SSA,61,34,7,2.74,2017
Brunei Darussalam,BRN,AP,62,32,3,8.72,2017
Israel,ISR,MENA,62,32,7,2.19,2017
Slovenia,SVN,WE/EU,61,34,10,2.78,2017
Lithuania,LTU,WE/EU,59,38,9,2.21,2017
Saint Vincent and the Grenadines,VCT,AME,58,40,3,3.39,2017
"Korea, South",KOR,AP,54,51,10,2.24,2017
Poland,POL,WE/EU,60,36,10,1.36,2017
Cyprus,CYP,WE/EU,57,42,7,3.78,2017
Cabo Verde,CPV,SSA,55,48,4,4.19,2017
Costa Rica,CRI,AME,59,38,7,2.98,2017
Latvia,LVA,WE/EU,58,40,9,3.21,2017
Czech Republic,CZE,WE/EU,57,42,10,1.98,2017
Georgia,GEO,ECA,56,46,6,3.1,2017
Dominica,DMA,AME,57,42,3,2.55,2017
Saint Lucia,LCA,AME,55,48,3,4.27,2017
Malta,MLT,WE/EU,56,46,5,1.18,2017
Rwanda,RWA,SSA,55,48,6,6,2017
Grenada,GRD,AME,52,52,3,3,2017
Italy,ITA,WE/EU,50,54,8,3.72,2017
Saudi Arabia,SAU,MENA,49,57,7,6.14,2017
Malaysia,MYS,AP,47,62,9,2.67,2017
Namibia,NAM,SSA,51,53,6,3.22,2017
Mauritius,MUS,SSA,50,54,5,4.41,2017
Oman,OMN,MENA,44,68,5,7,2017
Slovakia,SVK,WE/EU,50,54,9,3.32,2017
Jordan,JOR,MENA,48,59,8,2.99,2017
Greece,GRC,WE/EU,48,59,8,2.98,2017
Cuba,CUB,AME,47,62,5,2.36,2017
Croatia,HRV,WE/EU,49,57,10,2.64,2017
Sao Tome and Principe,STP,SSA,46,64,4,5.21,2017
Vanuatu,VUT,AP,43,71,3,3.93,2017
Montenegro,MNE,ECA,46,64,5,2.45,2017
Senegal,SEN,SSA,45,66,9,2.52,2017
Belarus,BLR,ECA,44,68,7,4.12,2017
Argentina,ARG,AME,39,85,8,2.92,2017
Romania,ROU,WE/EU,48,59,10,3.12,2017
Hungary,HUN,WE/EU,45,66,10,2.89,2017
South Africa,ZAF,SSA,43,71,8,3.98,2017
Suriname,SUR,AME,41,77,4,4.08,2017
Jamaica,JAM,AME,44,68,7,3.96,2017
Bulgaria,BGR,WE/EU,43,71,10,2.66,2017
Tunisia,TUN,MENA,42,74,7,3.73,2017
Solomon Islands,SLB,AP,39,85,3,3.71,2017
Bahrain,BHR,MENA,36,103,4,1.81,2017
Armenia,ARM,ECA,35,107,6,3.79,2017
China,CHN,AP,41,77,9,1.96,2017
Morocco,MAR,MENA,40,81,7,2.6,2017
Ghana,GHA,SSA,40,81,9,2.56,2017
India,IND,AP,40,81,9,2.16,2017
Benin,BEN,SSA,39,85,6,4.17,2017
Burkina Faso,BFA,SSA,42,74,7,2.18,2017
Lesotho,LSO,SSA,42,74,6,4.08,2017
Trinidad and Tobago,TTO,AME,41,77,6,5.47,2017
Kuwait,KWT,MENA,39,85,6,2.47,2017
Guyana,GUY,AME,38,91,5,1.84,2017
Indonesia,IDN,AP,37,96,9,3.12,2017
Serbia,SRB,ECA,41,77,8,2.8,2017
Turkey,TUR,ECA,40,81,8,1.8,2017
Sri Lanka,LKA,AP,38,91,7,1.82,2017
Timor-Leste,TLS,AP,38,91,3,7.5,2017
Ecuador,ECU,AME,32,117,7,2.66,2017
Colombia,COL,AME,37,96,8,2.77,2017
Tanzania,TZA,SSA,36,103,9,1.55,2017
Ethiopia,ETH,SSA,35,107,9,1.36,2017
Vietnam,VNM,AP,35,107,8,2.78,2017
Gambia,GMB,SSA,30,130,6,6.22,2017
Kosovo,KSV,ECA,39,85,5,2.13,2017
Bosnia and Herzegovina,BIH,ECA,38,91,7,2.56,2017
Panama,PAN,AME,37,96,7,1.79,2017
Thailand,THA,AP,37,96,9,2.03,2017
Peru,PER,AME,37,96,8,3.35,2017
Albania,ALB,ECA,38,91,8,1.81,2017
Brazil,BRA,AME,37,96,8,4.24,2017
Mongolia,MNG,AP,36,103,9,1.4,2017
Cote d'Ivoire,CIV,SSA,36,103,8,2.03,2017
North Macedonia,MKD,ECA,35,107,6,4.49,2017
Algeria,DZA,MENA,33,112,6,2.32,2017
Egypt,EGY,MENA,32,117,7,4.04,2017
Eswatini,SWZ,SSA,39,85,3,5.81,2017
Zambia,ZMB,SSA,37,96,9,2.46,2017
Philippines,PHL,AP,34,111,9,1.9,2017
El Salvador,SLV,AME,33,112,7,3.25,2017
Kazakhstan,KAZ,ECA,31,122,9,3.59,2017
Nepal,NPL,AP,31,122,6,2,2017
Sierra Leone,SLE,SSA,30,130,9,1.95,2017
Niger,NER,SSA,33,112,6,3.27,2017
Pakistan,PAK,AP,32,117,8,2.11,2017
Moldova,MDA,ECA,31,122,9,1.54,2017
Bolivia,BOL,AME,33,112,6,2.98,2017
Gabon,GAB,SSA,32,117,4,3.22,2017
Malawi,MWI,SSA,31,122,9,1.85,2017
Djibouti,DJI,SSA,31,122,4,5.32,2017
Azerbaijan,AZE,ECA,31,122,7,5.64,2017
Ukraine,UKR,ECA,30,130,9,2.27,2017
Kyrgyzstan,KGZ,ECA,29,135,7,2.59,2017
Maldives,MDV,AP,33,112,3,1.71,2017
Togo,TGO,SSA,32,117,6,3.29,2017
Mali,MLI,SSA,31,122,7,2.08,2017
Myanmar,MMR,AP,30,130,7,3.91,2017
Laos,LAO,AP,29,135,5,5.89,2017
Mexico,MEX,AME,29,135,9,1.69,2017
Guinea,GIN,SSA,27,148,7,2.37,2017
Liberia,LBR,SSA,31,122,8,3.24,2017
Dominican Republic,DOM,AME,29,135,7,2.56,2017
Paraguay,PRY,AME,29,135,6,3.1,2017
Papua New Guinea,PNG,AP,29,135,6,2.55,2017
Russia,RUS,ECA,29,135,9,2.5,2017
Lebanon,LBN,MENA,28,143,7,2.11,2017
Kenya,KEN,SSA,28,143,9,1.94,2017
Mauritania,MRT,SSA,28,143,6,2.41,2017
Uganda,UGA,SSA,26,151,9,2.11,2017
Iran,IRN,MENA,30,130,7,3.51,2017
Honduras,HND,AME,29,135,8,2.32,2017
Guatemala,GTM,AME,28,143,7,2.19,2017
Bangladesh,BGD,AP,28,143,8,3.19,2017
Nigeria,NGA,SSA,27,148,9,1.97,2017
Mozambique,MOZ,SSA,25,153,8,2.87,2017
Angola,AGO,SSA,19,167,5,1.28,2017
Comoros,COM,SSA,27,148,4,8.87,2017
Cameroon,CMR,SSA,25,153,9,2.58,2017
Central African Republic,CAF,SSA,23,156,5,3.28,2017
Uzbekistan,UZB,ECA,22,157,7,2.11,2017
Tajikistan,TJK,ECA,21,161,5,2.36,2017
Madagascar,MDG,SSA,24,155,8,2.72,2017
Zimbabwe,ZWE,SSA,22,157,9,2.22,2017
Eritrea,ERI,SSA,20,165,5,5.74,2017
Nicaragua,NIC,AME,26,151,8,1.29,2017
Cambodia,KHM,AP,21,161,8,2.43,2017
Chad,TCD,SSA,20,165,6,2.73,2017
Iraq,IRQ,MENA,18,169,5,2.47,2017
Burundi,BDI,SSA,22,157,6,3.29,2017
Congo,COG,SSA,21,161,6,1.08,2017
Turkmenistan,TKM,ECA,19,167,5,1.78,2017
Haiti,HTI,AME,22,157,6,2.05,2017
Democratic Republic of the Congo,COD,SSA,21,161,8,1.96,2017
Libya,LBY,MENA,17,171,5,3.05,2017
Guinea Bissau,GNB,SSA,17,171,5,1.7,2017
"Korea, North",PRK,AP,17,171,4,4.18,2017
Venezuela,VEN,AME,18,169,8,1.6,2017
Equatorial Guinea,GNQ,SSA,17,171,3,3.56,2017
Sudan,SDN,SSA,16,175,7,2.31,2017
Afghanistan,AFG,AP,15,177,5,1.39,2017
Yemen,YEM,MENA,16,175,7,1.85,2017
Syria,SYR,MENA,14,178,5,1.93,2017
South Sudan,SSD,SSA,12,179,5,1.56,2017
Somalia,SOM,SSA,9,180,5,2.26,2017
New Zealand,NZL,AP,90,,7,2.56,2016
Denmark,DNK,WE/EU,90,,7,2.46,2016
Finland,FIN,WE/EU,89,,7,1.46,2016
Switzerland,CHE,WE/EU,86,,6,1.57,2016
Singapore,SGP,AP,84,,8,2.35,2016
Sweden,SWE,WE/EU,88,,7,1.33,2016
Norway,NOR,WE/EU,85,,7,1.85,2016
Netherlands,NLD,WE/EU,83,,7,2.32,2016
Luxembourg,LUX,WE/EU,81,,6,1.96,2016
Germany,DEU,WE/EU,81,,7,2.73,2016
Iceland,ISL,WE/EU,78,,6,3.81,2016
Canada,CAN,AME,82,,7,2.03,2016
United Kingdom,GBR,WE/EU,81,,7,2.12,2016
Australia,AUS,AP,79,,8,1.27,2016
Austria,AUT,WE/EU,75,,7,1.36,2016
Hong Kong,HKG,AP,77,,7,2.62,2016
Belgium,BEL,WE/EU,77,,7,1.55,2016
Ireland,IRL,WE/EU,73,,6,4.31,2016
Estonia,EST,WE/EU,70,,10,2.16,2016
Japan,JPN,AP,72,,8,3.02,2016
United Arab Emirates,ARE,MENA,66,,7,5.7,2016
Uruguay,URY,AME,71,,6,2.68,2016
United States of America,USA,AME,74,,9,3.15,2016
France,FRA,WE/EU,69,,7,2.97,2016
Bhutan,BTN,AP,65,,5,2.12,2016
Chile,CHL,AME,66,,8,2.65,2016
Seychelles,SYC,SSA,,,,,2016
Taiwan,TWN,AP,61,,8,3.79,2016
Bahamas,BHS,AME,66,,3,5.2,2016
Barbados,BRB,AME,61,,3,6.91,2016
Portugal,PRT,WE/EU,62,,8,2.58,2016
Qatar,QAT,MENA,61,,7,7.02,2016
Spain,ESP,WE/EU,58,,7,4.09,2016
Botswana,BWA,SSA,60,,6,3.1,2016
Brunei Darussalam,BRN,AP,58,,3,8.85,2016
Israel,ISR,MENA,64,,6,2.27,2016
Slovenia,SVN,WE/EU,61,,10,2.44,2016
Lithuania,LTU,WE/EU,59,,9,1.36,2016
Saint Vincent and the Grenadines,VCT,AME,60,,3,1.66,2016
"Korea, South",KOR,AP,53,,9,2.33,2016
Poland,POL,WE/EU,62,,10,1.77,2016
Cyprus,CYP,WE/EU,55,,5,5.94,2016
Cabo Verde,CPV,SSA,59,,3,5.72,2016
Costa Rica,CRI,AME,58,,7,3.17,2016
Latvia,LVA,WE/EU,57,,9,2.96,2016
Czech Republic,CZE,WE/EU,55,,9,2.24,2016
Georgia,GEO,ECA,57,,6,3.61,2016
Dominica,DMA,AME,59,,3,0.85,2016
Saint Lucia,LCA,AME,60,,3,6.8,2016
Malta,MLT,WE/EU,55,,5,1.39,2016
Rwanda,RWA,SSA,54,,6,5.07,2016
Grenada,GRD,AME,56,,3,4.63,2016
Italy,ITA,WE/EU,47,,7,3.34,2016
Saudi Arabia,SAU,MENA,46,,5,7.54,2016
Malaysia,MYS,AP,49,,8,2.46,2016
Namibia,NAM,SSA,52,,5,2.03,2016
Mauritius,MUS,SSA,54,,4,2.14,2016
Oman,OMN,MENA,45,,5,7.07,2016
Slovakia,SVK,WE/EU,51,,8,3.09,2016
Jordan,JOR,MENA,48,,8,3.03,2016
Greece,GRC,WE/EU,44,,7,2.5,2016
Cuba,CUB,AME,47,,5,2.9,2016
Croatia,HRV,WE/EU,49,,9,2.39,2016
Sao Tome and Principe,STP,SSA,46,,3,0.93,2016
Vanuatu,VUT,AP,,,,,2016
Montenegro,MNE,ECA,45,,4,2.89,2016
Senegal,SEN,SSA,45,,8,2.63,2016
Belarus,BLR,ECA,40,,7,3.93,2016
Argentina,ARG,AME,36,,8,1.76,2016
Romania,ROU,WE/EU,48,,10,3,2016
Hungary,HUN,WE/EU,48,,9,2.89,2016
South Africa,ZAF,SSA,45,,7,2.55,2016
Suriname,SUR,AME,45,,4,7.53,2016
Jamaica,JAM,AME,39,,6,1.84,2016
Bulgaria,BGR,WE/EU,41,,9,2.2,2016
Tunisia,TUN,MENA,41,,7,3.9,2016
Solomon Islands,SLB,AP,42,,3,3.34,2016
Bahrain,BHR,MENA,43,,5,5.96,2016
Armenia,ARM,ECA,33,,6,4.01,2016
China,CHN,AP,40,,8,2.39,2016
Morocco,MAR,MENA,37,,7,1.74,2016
Ghana,GHA,SSA,43,,9,2.89,2016
India,IND,AP,40,,8,2.47,2016
Benin,BEN,SSA,36,,6,3.8,2016
Burkina Faso,BFA,SSA,42,,7,2.47,2016
Lesotho,LSO,SSA,39,,5,6.15,2016
Trinidad and Tobago,TTO,AME,35,,5,2.48,2016
Kuwait,KWT,MENA,41,,5,2.67,2016
Guyana,GUY,AME,34,,6,3.57,2016
Indonesia,IDN,AP,37,,8,2.39,2016
Serbia,SRB,ECA,42,,7,3.69,2016
Turkey,TUR,ECA,41,,9,1.8,2016
Sri Lanka,LKA,AP,36,,7,1.64,2016
Timor-Leste,TLS,AP,35,,3,5.97,2016
Ecuador,ECU,AME,31,,6,1.96,2016
Colombia,COL,AME,37,,8,2.27,2016
Tanzania,TZA,SSA,32,,9,1.84,2016
Ethiopia,ETH,SSA,34,,9,1.37,2016
Vietnam,VNM,AP,33,,8,2.46,2016
Gambia,GMB,SSA,26,,5,7.2,2016
Kosovo,KSV,ECA,36,,5,3.17,2016
Bosnia and Herzegovina,BIH,ECA,39,,7,1.7,2016
Panama,PAN,AME,38,,6,2.29,2016
Thailand,THA,AP,35,,9,2.44,2016
Peru,PER,AME,35,,7,2.04,2016
Albania,ALB,ECA,39,,7,1.99,2016
Brazil,BRA,AME,40,,8,4.34,2016
Mongolia,MNG,AP,38,,9,1.7,2016
Cote d'Ivoire,CIV,SSA,34,,8,2.03,2016
North Macedonia,MKD,ECA,37,,7,4.97,2016
Algeria,DZA,MENA,34,,6,2.94,2016
Egypt,EGY,MENA,34,,6,2.72,2016
Eswatini,SWZ,SSA,,,,,2016
Zambia,ZMB,SSA,38,,9,2.91,2016
Philippines,PHL,AP,35,,9,1.58,2016
El Salvador,SLV,AME,36,,7,2.76,2016
Kazakhstan,KAZ,ECA,29,,9,3.35,2016
Nepal,NPL,AP,29,,6,2.33,2016
Sierra Leone,SLE,SSA,30,,8,2.94,2016
Niger,NER,SSA,35,,5,3.25,2016
Pakistan,PAK,AP,32,,7,2.12,2016
Moldova,MDA,ECA,30,,9,2.18,2016
Bolivia,BOL,AME,33,,8,2.85,2016
Gabon,GAB,SSA,35,,4,0.97,2016
Malawi,MWI,SSA,31,,9,2.11,2016
Djibouti,DJI,SSA,30,,3,8.23,2016
Azerbaijan,AZE,ECA,30,,7,5.13,2016
Ukraine,UKR,ECA,29,,9,1.97,2016
Kyrgyzstan,KGZ,ECA,28,,7,2.08,2016
Maldives,MDV,AP,36,,3,5.66,2016
Togo,TGO,SSA,32,,5,4.21,2016
Mali,MLI,SSA,32,,6,1.75,2016
Myanmar,MMR,AP,28,,8,3.69,2016
Laos,LAO,AP,30,,4,6.19,2016
Mexico,MEX,AME,30,,8,1.56,2016
Guinea,GIN,SSA,27,,5,2.54,2016
Liberia,LBR,SSA,37,,7,3.43,2016
Dominican Republic,DOM,AME,31,,6,1.89,2016
Paraguay,PRY,AME,30,,6,2.68,2016
Papua New Guinea,PNG,AP,28,,5,3.01,2016
Russia,RUS,ECA,29,,9,2.73,2016
Lebanon,LBN,MENA,28,,7,2.5,2016
Kenya,KEN,SSA,26,,9,1.72,2016
Mauritania,MRT,SSA,27,,5,3.62,2016
Uganda,UGA,SSA,25,,9,2.24,2016
Iran,IRN,MENA,29,,7,2.47,2016
Honduras,HND,AME,30,,7,3.05,2016
Guatemala,GTM,AME,28,,6,2.58,2016
Bangladesh,BGD,AP,26,,7,4.13,2016
Nigeria,NGA,SSA,28,,9,1.98,2016
Mozambique,MOZ,SSA,27,,8,2.57,2016
Angola,AGO,SSA,18,,4,1.68,2016
Comoros,COM,SSA,24,,3,12.81,2016
Cameroon,CMR,SSA,26,,9,3.04,2016
Central African Republic,CAF,SSA,20,,4,4.04,2016
Uzbekistan,UZB,ECA,21,,7,2.35,2016
Tajikistan,TJK,ECA,25,,6,5.26,2016
Madagascar,MDG,SSA,26,,7,2.88,2016
Zimbabwe,ZWE,SSA,22,,9,2.59,2016
Eritrea,ERI,SSA,18,,5,6.24,2016
Nicaragua,NIC,AME,26,,7,1.98,2016
Cambodia,KHM,AP,21,,8,2.82,2016
Chad,TCD,SSA,20,,5,2.67,2016
Iraq,IRQ,MENA,17,,5,1.87,2016
Burundi,BDI,SSA,20,,6,1.53,2016
Congo,COG,SSA,20,,5,1.78,2016
Turkmenistan,TKM,ECA,22,,4,1.32,2016
Haiti,HTI,AME,20,,5,1.81,2016
Democratic Republic of the Congo,COD,SSA,21,,7,2.13,2016
Libya,LBY,MENA,14,,4,2,2016
Guinea Bissau,GNB,SSA,16,,4,2.09,2016
"Korea, North",PRK,AP,12,,3,1.39,2016
Venezuela,VEN,AME,17,,7,1.41,2016
Equatorial Guinea,GNQ,SSA,,,,,2016
Sudan,SDN,SSA,14,,7,2.99,2016
Afghanistan,AFG,AP,15,,5,1.74,2016
Yemen,YEM,MENA,14,,7,3.05,2016
Syria,SYR,MENA,13,,5,1.97,2016
South Sudan,SSD,SSA,11,,5,3.21,2016
Somalia,SOM,SSA,10,,5,2.98,2016
New Zealand,NZL,AP,91,,7,2.32,2015
Denmark,DNK,WE/EU,91,,7,2.16,2015
Finland,FIN,WE/EU,90,,7,1.77,2015
Switzerland,CHE,WE/EU,86,,6,2.55,2015
Singapore,SGP,AP,85,,8,2.02,2015
Sweden,SWE,WE/EU,89,,7,1.71,2015
Norway,NOR,WE/EU,88,,7,2.24,2015
Netherlands,NLD,WE/EU,84,,7,1.98,2015
Luxembourg,LUX,WE/EU,85,,5,1.6,2015
Germany,DEU,WE/EU,81,,7,2.5,2015
Iceland,ISL,WE/EU,79,,5,4.53,2015
Canada,CAN,AME,83,,7,1.63,2015
United Kingdom,GBR,WE/EU,81,,7,2.4,2015
Australia,AUS,AP,79,,8,1.5,2015
Austria,AUT,WE/EU,76,,7,1.76,2015
Hong Kong,HKG,AP,75,,7,2.48,2015
Belgium,BEL,WE/EU,77,,7,1.34,2015
Ireland,IRL,WE/EU,75,,6,4.92,2015
Estonia,EST,WE/EU,70,,9,2.79,2015
Japan,JPN,AP,75,,8,2.96,2015
United Arab Emirates,ARE,MENA,70,,7,5.07,2015
Uruguay,URY,AME,74,,6,1.68,2015
United States of America,USA,AME,76,,8,3.47,2015
France,FRA,WE/EU,70,,7,2.49,2015
Bhutan,BTN,AP,65,,4,2.14,2015
Chile,CHL,AME,70,,8,2.15,2015
Seychelles,SYC,SSA,55,,3,8.5,2015
Taiwan,TWN,AP,62,,7,3.78,2015
Bahamas,BHS,AME,,,,,2015
Barbados,BRB,AME,,,,,2015
Portugal,PRT,WE/EU,64,,7,2.5,2015
Qatar,QAT,MENA,71,,6,6.63,2015
Spain,ESP,WE/EU,58,,7,4.07,2015
Botswana,BWA,SSA,63,,6,2.35,2015
Brunei Darussalam,BRN,AP,,,,,2015
Israel,ISR,MENA,61,,6,2.78,2015
Slovenia,SVN,WE/EU,60,,9,2.93,2015
Lithuania,LTU,WE/EU,59,,8,1.92,2015
Saint Vincent and the Grenadines,VCT,AME,,,,,2015
"Korea, South",KOR,AP,54,,9,2.29,2015
Poland,POL,WE/EU,63,,9,2.59,2015
Cyprus,CYP,WE/EU,61,,5,4.17,2015
Cabo Verde,CPV,SSA,55,,4,6.16,2015
Costa Rica,CRI,AME,55,,6,2.71,2015
Latvia,LVA,WE/EU,56,,8,2.76,2015
Czech Republic,CZE,WE/EU,56,,9,2.21,2015
Georgia,GEO,ECA,52,,5,6.53,2015
Dominica,DMA,AME,,,,,2015
Saint Lucia,LCA,AME,,,,,2015
Malta,MLT,WE/EU,60,,4,1.32,2015
Rwanda,RWA,SSA,54,,5,6.42,2015
Grenada,GRD,AME,,,,,2015
Italy,ITA,WE/EU,44,,7,2.5,2015
Saudi Arabia,SAU,MENA,52,,5,7.03,2015
Malaysia,MYS,AP,50,,8,3,2015
Namibia,NAM,SSA,53,,5,2.75,2015
Mauritius,MUS,SSA,53,,4,1.49,2015
Oman,OMN,MENA,45,,5,6.69,2015
Slovakia,SVK,WE/EU,51,,8,3.63,2015
Jordan,JOR,MENA,53,,7,3,2015
Greece,GRC,WE/EU,46,,7,5.08,2015
Cuba,CUB,AME,47,,4,3.64,2015
Croatia,HRV,WE/EU,51,,9,2.02,2015
Sao Tome and Principe,STP,SSA,42,,3,5,2015
Vanuatu,VUT,AP,,,,,2015
Montenegro,MNE,ECA,44,,4,4.87,2015
Senegal,SEN,SSA,44,,8,2.61,2015
Belarus,BLR,ECA,32,,6,4.37,2015
Argentina,ARG,AME,32,,7,1.84,2015
Romania,ROU,WE/EU,46,,9,3.11,2015
Hungary,HUN,WE/EU,51,,9,3.73,2015
South Africa,ZAF,SSA,44,,7,2.61,2015
Suriname,SUR,AME,36,,3,3.21,2015
Jamaica,JAM,AME,41,,6,1.68,2015
Bulgaria,BGR,WE/EU,41,,9,2.43,2015
Tunisia,TUN,MENA,38,,6,2.17,2015
Solomon Islands,SLB,AP,,,,,2015
Bahrain,BHR,MENA,51,,5,7.86,2015
Armenia,ARM,ECA,35,,5,2.98,2015
China,CHN,AP,37,,8,2.34,2015
Morocco,MAR,MENA,36,,6,3.85,2015
Ghana,GHA,SSA,47,,8,2.82,2015
India,IND,AP,38,,8,3.14,2015
Benin,BEN,SSA,37,,5,4.43,2015
Burkina Faso,BFA,SSA,38,,7,2.97,2015
Lesotho,LSO,SSA,44,,5,4.99,2015
Trinidad and Tobago,TTO,AME,39,,4,4.64,2015
Kuwait,KWT,MENA,49,,5,4.51,2015
Guyana,GUY,AME,29,,4,3.01,2015
Indonesia,IDN,AP,36,,8,3.39,2015
Serbia,SRB,ECA,40,,7,3.9,2015
Turkey,TUR,ECA,42,,8,2.02,2015
Sri Lanka,LKA,AP,37,,7,2.09,2015
Timor-Leste,TLS,AP,28,,3,5.17,2015
Ecuador,ECU,AME,32,,6,2.86,2015
Colombia,COL,AME,37,,7,1.94,2015
Tanzania,TZA,SSA,30,,8,3.49,2015
Ethiopia,ETH,SSA,33,,8,2.73,2015
Vietnam,VNM,AP,31,,8,2.56,2015
Gambia,GMB,SSA,28,,5,6.67,2015
Kosovo,KSV,ECA,33,,3,2.19,2015
Bosnia and Herzegovina,BIH,ECA,38,,6,1.71,2015
Panama,PAN,AME,39,,6,3.01,2015
Thailand,THA,AP,38,,8,2.12,2015
Peru,PER,AME,36,,7,3.05,2015
Albania,ALB,ECA,36,,7,3.58,2015
Brazil,BRA,AME,38,,7,5.29,2015
Mongolia,MNG,AP,39,,8,1.76,2015
Cote d'Ivoire,CIV,SSA,32,,8,2.65,2015
North Macedonia,MKD,ECA,42,,6,5.27,2015
Algeria,DZA,MENA,36,,5,1.85,2015
Egypt,EGY,MENA,36,,6,2.47,2015
Eswatini,SWZ,SSA,,,,,2015
Zambia,ZMB,SSA,38,,8,2.55,2015
Philippines,PHL,AP,35,,8,1.92,2015
El Salvador,SLV,AME,39,,6,2.26,2015
Kazakhstan,KAZ,ECA,28,,8,4.9,2015
Nepal,NPL,AP,27,,5,2.73,2015
Sierra Leone,SLE,SSA,29,,8,3.44,2015
Niger,NER,SSA,34,,5,4.16,2015
Pakistan,PAK,AP,30,,7,3.12,2015
Moldova,MDA,ECA,33,,8,2.88,2015
Bolivia,BOL,AME,34,,7,3.58,2015
Gabon,GAB,SSA,34,,4,1.65,2015
Malawi,MWI,SSA,31,,8,2.41,2015
Djibouti,DJI,SSA,34,,3,9.07,2015
Azerbaijan,AZE,ECA,29,,6,3.25,2015
Ukraine,UKR,ECA,27,,8,1.93,2015
Kyrgyzstan,KGZ,ECA,28,,6,2.29,2015
Maldives,MDV,AP,,,,,2015
Togo,TGO,SSA,32,,5,3.04,2015
Mali,MLI,SSA,35,,6,1.89,2015
Myanmar,MMR,AP,22,,7,2.82,2015
Laos,LAO,AP,25,,4,5.31,2015
Mexico,MEX,AME,31,,8,3.02,2015
Guinea,GIN,SSA,25,,6,3.16,2015
Liberia,LBR,SSA,37,,7,4.22,2015
Dominican Republic,DOM,AME,33,,6,2.63,2015
Paraguay,PRY,AME,27,,5,2.85,2015
Papua New Guinea,PNG,AP,25,,5,4.22,2015
Russia,RUS,ECA,29,,8,2.52,2015
Lebanon,LBN,MENA,28,,6,3.22,2015
Kenya,KEN,SSA,25,,8,3.02,2015
Mauritania,MRT,SSA,31,,5,5.07,2015
Uganda,UGA,SSA,25,,8,3.19,2015
Iran,IRN,MENA,27,,6,3.28,2015
Honduras,HND,AME,31,,7,4.12,2015
Guatemala,GTM,AME,28,,6,3.46,2015
Bangladesh,BGD,AP,25,,7,4.3,2015
Nigeria,NGA,SSA,26,,8,2.24,2015
Mozambique,MOZ,SSA,31,,7,1.97,2015
Angola,AGO,SSA,15,,5,1.8,2015
Comoros,COM,SSA,26,,3,8.76,2015
Cameroon,CMR,SSA,27,,8,3.26,2015
Central African Republic,CAF,SSA,24,,4,1.44,2015
Uzbekistan,UZB,ECA,19,,6,2.71,2015
Tajikistan,TJK,ECA,26,,5,7.36,2015
Madagascar,MDG,SSA,28,,7,2.99,2015
Zimbabwe,ZWE,SSA,21,,8,4.54,2015
Eritrea,ERI,SSA,18,,4,8.15,2015
Nicaragua,NIC,AME,27,,7,2.5,2015
Cambodia,KHM,AP,21,,7,3.87,2015
Chad,TCD,SSA,22,,5,2.35,2015
Iraq,IRQ,MENA,16,,4,2.5,2015
Burundi,BDI,SSA,21,,5,2.94,2015
Congo,COG,SSA,23,,6,4.11,2015
Turkmenistan,TKM,ECA,18,,4,2.38,2015
Haiti,HTI,AME,17,,5,2.74,2015
Democratic Republic of the Congo,COD,SSA,22,,6,3.35,2015
Libya,LBY,MENA,16,,5,3.18,2015
Guinea Bissau,GNB,SSA,17,,4,2.63,2015
"Korea, North",PRK,AP,8,,3,3.38,2015
Venezuela,VEN,AME,17,,7,2.64,2015
Equatorial Guinea,GNQ,SSA,,,,,2015
Sudan,SDN,SSA,12,,6,3.64,2015
Afghanistan,AFG,AP,11,,4,3.49,2015
Yemen,YEM,MENA,18,,6,2.66,2015
Syria,SYR,MENA,18,,4,5.66,2015
South Sudan,SSD,SSA,15,,3,1.45,2015
Somalia,SOM,SSA,8,,4,2.32,2015
New Zealand,NZL,AP,91,,7,2.28,2014
Denmark,DNK,WE/EU,92,,7,2.04,2014
Finland,FIN,WE/EU,89,,7,2.05,2014
Switzerland,CHE,WE/EU,86,,6,2.61,2014
Singapore,SGP,AP,84,,8,1.75,2014
Sweden,SWE,WE/EU,87,,7,3.41,2014
Norway,NOR,WE/EU,86,,7,2.38,2014
Netherlands,NLD,WE/EU,83,,7,1.97,2014
Luxembourg,LUX,WE/EU,82,,6,2.78,2014
Germany,DEU,WE/EU,79,,7,2.58,2014
Iceland,ISL,WE/EU,79,,6,3.16,2014
Canada,CAN,AME,81,,7,2.45,2014
United Kingdom,GBR,WE/EU,78,,7,2.09,2014
Australia,AUS,AP,80,,8,1.31,2014
Austria,AUT,WE/EU,72,,7,3.49,2014
Hong Kong,HKG,AP,74,,7,2.75,2014
Belgium,BEL,WE/EU,76,,7,2.26,2014
Ireland,IRL,WE/EU,74,,6,4.75,2014
Estonia,EST,WE/EU,69,,9,2.89,2014
Japan,JPN,AP,76,,8,3.16,2014
United Arab Emirates,ARE,MENA,70,,7,5.14,2014
Uruguay,URY,AME,73,,6,1.41,2014
United States of America,USA,AME,74,,8,3.74,2014
France,FRA,WE/EU,69,,7,2.17,2014
Bhutan,BTN,AP,65,,4,1.81,2014
Chile,CHL,AME,73,,8,1.74,2014
Seychelles,SYC,SSA,55,,3,8.62,2014
Taiwan,TWN,AP,61,,7,4.17,2014
Bahamas,BHS,AME,71,,3,0.99,2014
Barbados,BRB,AME,74,,3,8.09,2014
Portugal,PRT,WE/EU,63,,7,3.36,2014
Qatar,QAT,MENA,69,,6,7.21,2014
Spain,ESP,WE/EU,60,,7,3.75,2014
Botswana,BWA,SSA,63,,6,1.93,2014
Brunei Darussalam,BRN,AP,,,,,2014
Israel,ISR,MENA,60,,6,2.34,2014
Slovenia,SVN,WE/EU,58,,9,3.03,2014
Lithuania,LTU,WE/EU,58,,8,3.85,2014
Saint Vincent and the Grenadines,VCT,AME,62,,3,5.59,2014
"Korea, South",KOR,AP,55,,9,2.64,2014
Poland,POL,WE/EU,61,,9,2.7,2014
Cyprus,CYP,WE/EU,63,,5,3.92,2014
Cabo Verde,CPV,SSA,57,,4,5.94,2014
Costa Rica,CRI,AME,54,,5,4.07,2014
Latvia,LVA,WE/EU,55,,8,3.35,2014
Czech Republic,CZE,WE/EU,51,,9,2.94,2014
Georgia,GEO,ECA,52,,6,6.47,2014
Dominica,DMA,AME,58,,3,2.34,2014
Saint Lucia,LCA,AME,71,,3,0.84,2014
Malta,MLT,WE/EU,55,,5,2.63,2014
Rwanda,RWA,SSA,49,,4,3.23,2014
Grenada,GRD,AME,,,,,2014
Italy,ITA,WE/EU,43,,7,2.26,2014
Saudi Arabia,SAU,MENA,49,,5,6.69,2014
Malaysia,MYS,AP,52,,8,2.88,2014
Namibia,NAM,SSA,49,,5,4,2014
Mauritius,MUS,SSA,54,,4,2.39,2014
Oman,OMN,MENA,45,,5,6.55,2014
Slovakia,SVK,WE/EU,50,,8,4.07,2014
Jordan,JOR,MENA,49,,7,2.87,2014
Greece,GRC,WE/EU,43,,7,5.56,2014
Cuba,CUB,AME,46,,4,4.46,2014
Croatia,HRV,WE/EU,48,,9,3.25,2014
Sao Tome and Principe,STP,SSA,42,,3,5.05,2014
Vanuatu,VUT,AP,,,,,2014
Montenegro,MNE,ECA,42,,4,4.25,2014
Senegal,SEN,SSA,43,,8,2.28,2014
Belarus,BLR,ECA,31,,5,4.04,2014
Argentina,ARG,AME,34,,7,2.42,2014
Romania,ROU,WE/EU,43,,9,3.6,2014
Hungary,HUN,WE/EU,54,,9,3.45,2014
South Africa,ZAF,SSA,44,,7,2.41,2014
Suriname,SUR,AME,36,,3,3.25,2014
Jamaica,JAM,AME,38,,6,1.8,2014
Bulgaria,BGR,WE/EU,43,,9,2.82,2014
Tunisia,TUN,MENA,40,,6,1.72,2014
Solomon Islands,SLB,AP,,,,,2014
Bahrain,BHR,MENA,49,,5,6.11,2014
Armenia,ARM,ECA,37,,6,3.69,2014
China,CHN,AP,36,,8,2.17,2014
Morocco,MAR,MENA,39,,6,3.57,2014
Ghana,GHA,SSA,48,,8,3.01,2014
India,IND,AP,38,,9,2.27,2014
Benin,BEN,SSA,39,,4,4.38,2014
Burkina Faso,BFA,SSA,38,,7,2.67,2014
Lesotho,LSO,SSA,49,,5,3.55,2014
Trinidad and Tobago,TTO,AME,38,,4,4.82,2014
Kuwait,KWT,MENA,44,,5,5.24,2014
Guyana,GUY,AME,30,,4,3.03,2014
Indonesia,IDN,AP,34,,8,3.57,2014
Serbia,SRB,ECA,41,,7,2.92,2014
Turkey,TUR,ECA,45,,8,2.69,2014
Sri Lanka,LKA,AP,38,,7,2.18,2014
Timor-Leste,TLS,AP,28,,3,5.18,2014
Ecuador,ECU,AME,33,,5,3.56,2014
Colombia,COL,AME,37,,7,1.68,2014
Tanzania,TZA,SSA,31,,8,3.2,2014
Ethiopia,ETH,SSA,33,,8,2.54,2014
Vietnam,VNM,AP,31,,8,2.55,2014
Gambia,GMB,SSA,29,,5,7.55,2014
Kosovo,KSV,ECA,33,,3,2.33,2014
Bosnia and Herzegovina,BIH,ECA,39,,6,1.15,2014
Panama,PAN,AME,37,,6,3.49,2014
Thailand,THA,AP,38,,8,1.6,2014
Peru,PER,AME,38,,7,2.63,2014
Albania,ALB,ECA,33,,7,1.51,2014
Brazil,BRA,AME,43,,7,4.01,2014
Mongolia,MNG,AP,39,,7,2.13,2014
Cote d'Ivoire,CIV,SSA,32,,8,4.2,2014
North Macedonia,MKD,ECA,45,,6,5.92,2014
Algeria,DZA,MENA,36,,5,2.06,2014
Egypt,EGY,MENA,37,,6,2.91,2014
Eswatini,SWZ,SSA,43,,3,2.98,2014
Zambia,ZMB,SSA,38,,8,2.27,2014
Philippines,PHL,AP,38,,8,1.84,2014
El Salvador,SLV,AME,39,,6,1.98,2014
Kazakhstan,KAZ,ECA,29,,8,4.4,2014
Nepal,NPL,AP,29,,5,2.2,2014
Sierra Leone,SLE,SSA,31,,8,2.3,2014
Niger,NER,SSA,35,,5,3.99,2014
Pakistan,PAK,AP,29,,7,3.24,2014
Moldova,MDA,ECA,35,,8,2.7,2014
Bolivia,BOL,AME,35,,7,2.98,2014
Gabon,GAB,SSA,37,,4,4.19,2014
Malawi,MWI,SSA,33,,8,3.03,2014
Djibouti,DJI,SSA,34,,3,9.1,2014
Azerbaijan,AZE,ECA,29,,6,3.02,2014
Ukraine,UKR,ECA,26,,8,1.64,2014
Kyrgyzstan,KGZ,ECA,27,,6,2.35,2014
Maldives,MDV,AP,,,,,2014
Togo,TGO,SSA,29,,5,3.69,2014
Mali,MLI,SSA,32,,6,3.37,2014
Myanmar,MMR,AP,21,,7,2.87,2014
Laos,LAO,AP,25,,4,3.8,2014
Mexico,MEX,AME,35,,8,1.66,2014
Guinea,GIN,SSA,25,,7,3.21,2014
Liberia,LBR,SSA,37,,6,3.09,2014
Dominican Republic,DOM,AME,32,,6,3.3,2014
Paraguay,PRY,AME,24,,5,2.95,2014
Papua New Guinea,PNG,AP,25,,5,4.16,2014
Russia,RUS,ECA,27,,8,2.61,2014
Lebanon,LBN,MENA,27,,6,3.37,2014
Kenya,KEN,SSA,25,,8,2.98,2014
Mauritania,MRT,SSA,30,,5,4.23,2014
Uganda,UGA,SSA,26,,8,3.03,2014
Iran,IRN,MENA,27,,6,4.72,2014
Honduras,HND,AME,29,,6,3.49,2014
Guatemala,GTM,AME,32,,6,2.96,2014
Bangladesh,BGD,AP,25,,7,4.23,2014
Nigeria,NGA,SSA,27,,8,2.82,2014
Mozambique,MOZ,SSA,31,,7,1.89,2014
Angola,AGO,SSA,19,,6,1.71,2014
Comoros,COM,SSA,26,,3,8.75,2014
Cameroon,CMR,SSA,27,,8,2.87,2014
Central African Republic,CAF,SSA,24,,4,1.33,2014
Uzbekistan,UZB,ECA,18,,6,2.54,2014
Tajikistan,TJK,ECA,23,,5,5.32,2014
Madagascar,MDG,SSA,28,,8,3.38,2014
Zimbabwe,ZWE,SSA,21,,8,4.18,2014
Eritrea,ERI,SSA,18,,4,7.91,2014
Nicaragua,NIC,AME,28,,7,2.03,2014
Cambodia,KHM,AP,21,,7,2.25,2014
Chad,TCD,SSA,22,,5,2.95,2014
Iraq,IRQ,MENA,16,,4,2.37,2014
Burundi,BDI,SSA,20,,5,3.65,2014
Congo,COG,SSA,23,,6,4.2,2014
Turkmenistan,TKM,ECA,17,,3,2.85,2014
Haiti,HTI,AME,19,,5,2.86,2014
Democratic Republic of the Congo,COD,SSA,22,,5,4.19,2014
Libya,LBY,MENA,18,,5,2.81,2014
Guinea Bissau,GNB,SSA,19,,4,2.37,2014
"Korea, North",PRK,AP,8,,3,3.35,2014
Venezuela,VEN,AME,19,,7,1.69,2014
Equatorial Guinea,GNQ,SSA,,,,,2014
Sudan,SDN,SSA,11,,6,3.55,2014
Afghanistan,AFG,AP,12,,4,1.29,2014
Yemen,YEM,MENA,19,,6,2.37,2014
Syria,SYR,MENA,20,,4,5.31,2014
South Sudan,SSD,SSA,15,,3,2.35,2014
Somalia,SOM,SSA,8,,4,2.34,2014
New Zealand,NZL,AP,91,,7,2.3,2013
Denmark,DNK,WE/EU,91,,7,2.2,2013
Finland,FIN,WE/EU,89,,7,1.7,2013
Switzerland,CHE,WE/EU,85,,6,2.5,2013
Singapore,SGP,AP,86,,9,2.3,2013
Sweden,SWE,WE/EU,89,,7,2.3,2013
Norway,NOR,WE/EU,86,,7,2.3,2013
Netherlands,NLD,WE/EU,83,,7,2,2013
Luxembourg,LUX,WE/EU,80,,6,2.9,2013
Germany,DEU,WE/EU,78,,8,2.4,2013
Iceland,ISL,WE/EU,78,,6,2.8,2013
Canada,CAN,AME,81,,7,2.4,2013
United Kingdom,GBR,WE/EU,76,,8,1.3,2013
Australia,AUS,AP,81,,8,1.5,2013
Austria,AUT,WE/EU,69,,8,3.2,2013
Hong Kong,HKG,AP,75,,8,2.4,2013
Belgium,BEL,WE/EU,75,,7,2.3,2013
Ireland,IRL,WE/EU,72,,6,4.2,2013
Estonia,EST,WE/EU,68,,9,2.7,2013
Japan,JPN,AP,74,,9,2.4,2013
United Arab Emirates,ARE,MENA,69,,7,4.7,2013
Uruguay,URY,AME,73,,6,1.4,2013
United States of America,USA,AME,73,,9,4,2013
France,FRA,WE/EU,71,,8,2.4,2013
Bhutan,BTN,AP,63,,4,2.6,2013
Chile,CHL,AME,71,,9,1.8,2013
Seychelles,SYC,SSA,54,,4,8.2,2013
Taiwan,TWN,AP,61,,7,4.3,2013
Bahamas,BHS,AME,71,,3,1,2013
Barbados,BRB,AME,75,,3,7.1,2013
Portugal,PRT,WE/EU,62,,7,3,2013
Qatar,QAT,MENA,68,,6,7.2,2013
Spain,ESP,WE/EU,59,,7,4.9,2013
Botswana,BWA,SSA,64,,7,1.6,2013
Brunei Darussalam,BRN,AP,60,,3,10.4,2013
Israel,ISR,MENA,61,,6,1.6,2013
Slovenia,SVN,WE/EU,57,,9,3.6,2013
Lithuania,LTU,WE/EU,57,,8,3.8,2013
Saint Vincent and the Grenadines,VCT,AME,62,,3,5.6,2013
"Korea, South",KOR,AP,55,,10,2.4,2013
Poland,POL,WE/EU,60,,10,2.3,2013
Cyprus,CYP,WE/EU,63,,5,3.9,2013
Cabo Verde,CPV,SSA,58,,4,4.8,2013
Costa Rica,CRI,AME,53,,5,4.1,2013
Latvia,LVA,WE/EU,53,,8,3.6,2013
Czech Republic,CZE,WE/EU,48,,10,3,2013
Georgia,GEO,ECA,49,,6,6.9,2013
Dominica,DMA,AME,58,,3,2.3,2013
Saint Lucia,LCA,AME,71,,3,0.8,2013
Malta,MLT,WE/EU,56,,5,2.4,2013
Rwanda,RWA,SSA,53,,5,5.7,2013
Grenada,GRD,AME,,,,,2013
Italy,ITA,WE/EU,43,,7,2.5,2013
Saudi Arabia,SAU,MENA,46,,5,6.7,2013
Malaysia,MYS,AP,50,,9,3.4,2013
Namibia,NAM,SSA,48,,6,3.4,2013
Mauritius,MUS,SSA,52,,5,1.1,2013
Oman,OMN,MENA,47,,5,7.8,2013
Slovakia,SVK,WE/EU,47,,8,4.7,2013
Jordan,JOR,MENA,45,,7,2.4,2013
Greece,GRC,WE/EU,40,,7,4.5,2013
Cuba,CUB,AME,46,,4,4.5,2013
Croatia,HRV,WE/EU,48,,9,3.3,2013
Sao Tome and Principe,STP,SSA,42,,3,5,2013
Vanuatu,VUT,AP,,,,,2013
Montenegro,MNE,ECA,44,,4,2.2,2013
Senegal,SEN,SSA,41,,9,1.5,2013
Belarus,BLR,ECA,29,,5,4,2013
Argentina,ARG,AME,34,,8,2.4,2013
Romania,ROU,WE/EU,43,,9,3,2013
Hungary,HUN,WE/EU,54,,10,3.6,2013
South Africa,ZAF,SSA,42,,9,2.8,2013
Suriname,SUR,AME,36,,3,3.2,2013
Jamaica,JAM,AME,38,,6,1.8,2013
Bulgaria,BGR,WE/EU,41,,9,3.3,2013
Tunisia,TUN,MENA,41,,7,1.9,2013
Solomon Islands,SLB,AP,,,,,2013
Bahrain,BHR,MENA,48,,5,5.4,2013
Armenia,ARM,ECA,36,,6,3.5,2013
China,CHN,AP,40,,9,2.9,2013
Morocco,MAR,MENA,37,,8,2.9,2013
Ghana,GHA,SSA,46,,9,3.3,2013
India,IND,AP,36,,10,2.2,2013
Benin,BEN,SSA,36,,6,3.4,2013
Burkina Faso,BFA,SSA,38,,7,3.9,2013
Lesotho,LSO,SSA,49,,5,3.6,2013
Trinidad and Tobago,TTO,AME,38,,4,5.1,2013
Kuwait,KWT,MENA,43,,5,3.9,2013
Guyana,GUY,AME,27,,4,2.9,2013
Indonesia,IDN,AP,32,,9,3.5,2013
Serbia,SRB,ECA,42,,7,3.4,2013
Turkey,TUR,ECA,50,,9,2.4,2013
Sri Lanka,LKA,AP,37,,7,2.1,2013
Timor-Leste,TLS,AP,30,,3,3.2,2013
Ecuador,ECU,AME,35,,6,3.6,2013
Colombia,COL,AME,36,,7,2,2013
Tanzania,TZA,SSA,33,,8,2.7,2013
Ethiopia,ETH,SSA,33,,8,2.5,2013
Vietnam,VNM,AP,31,,8,2.6,2013
Gambia,GMB,SSA,28,,5,6.7,2013
Kosovo,KSV,ECA,33,,3,2.3,2013
Bosnia and Herzegovina,BIH,ECA,42,,7,2.9,2013
Panama,PAN,AME,35,,6,2.2,2013
Thailand,THA,AP,35,,8,1.2,2013
Peru,PER,AME,38,,7,2.5,2013
Albania,ALB,ECA,31,,7,2.1,2013
Brazil,BRA,AME,42,,8,3.7,2013
Mongolia,MNG,AP,38,,7,2.2,2013
Cote d'Ivoire,CIV,SSA,27,,8,2.3,2013
North Macedonia,MKD,ECA,44,,6,5,2013
Algeria,DZA,MENA,36,,6,2.8,2013
Egypt,EGY,MENA,32,,7,3.1,2013
Eswatini,SWZ,SSA,39,,4,1.8,2013
Zambia,ZMB,SSA,38,,8,2.1,2013
Philippines,PHL,AP,36,,9,2.5,2013
El Salvador,SLV,AME,38,,6,2,2013
Kazakhstan,KAZ,ECA,26,,8,3.3,2013
Nepal,NPL,AP,31,,5,1.4,2013
Sierra Leone,SLE,SSA,30,,8,2.4,2013
Niger,NER,SSA,34,,5,3.7,2013
Pakistan,PAK,AP,28,,8,3,2013
Moldova,MDA,ECA,35,,8,2.8,2013
Bolivia,BOL,AME,34,,7,3.7,2013
Gabon,GAB,SSA,34,,5,1.5,2013
Malawi,MWI,SSA,37,,8,1.7,2013
Djibouti,DJI,SSA,36,,3,8.6,2013
Azerbaijan,AZE,ECA,28,,6,3.5,2013
Ukraine,UKR,ECA,25,,8,1.7,2013
Kyrgyzstan,KGZ,ECA,24,,6,2.3,2013
Maldives,MDV,AP,,,,,2013
Togo,TGO,SSA,29,,5,3.7,2013
Mali,MLI,SSA,28,,6,3.3,2013
Myanmar,MMR,AP,21,,6,3.9,2013
Laos,LAO,AP,26,,4,5,2013
Mexico,MEX,AME,34,,9,1.8,2013
Guinea,GIN,SSA,24,,7,3.6,2013
Liberia,LBR,SSA,38,,7,3.3,2013
Dominican Republic,DOM,AME,29,,6,3.5,2013
Paraguay,PRY,AME,24,,5,3.1,2013
Papua New Guinea,PNG,AP,25,,5,4.2,2013
Russia,RUS,ECA,28,,9,2.3,2013
Lebanon,LBN,MENA,28,,6,3.3,2013
Kenya,KEN,SSA,27,,8,2.7,2013
Mauritania,MRT,SSA,30,,5,4.1,2013
Uganda,UGA,SSA,26,,8,3.3,2013
Iran,IRN,MENA,25,,6,3.9,2013
Honduras,HND,AME,26,,6,2.5,2013
Guatemala,GTM,AME,29,,6,2.6,2013
Bangladesh,BGD,AP,27,,7,4.1,2013
Nigeria,NGA,SSA,25,,9,3.1,2013
Mozambique,MOZ,SSA,30,,7,2,2013
Angola,AGO,SSA,23,,7,2.8,2013
Comoros,COM,SSA,28,,3,7.5,2013
Cameroon,CMR,SSA,25,,8,2.9,2013
Central African Republic,CAF,SSA,25,,4,5.4,2013
Uzbekistan,UZB,ECA,17,,6,2,2013
Tajikistan,TJK,ECA,22,,5,3.8,2013
Madagascar,MDG,SSA,28,,8,1.9,2013
Zimbabwe,ZWE,SSA,21,,8,4.3,2013
Eritrea,ERI,SSA,20,,4,11,2013
Nicaragua,NIC,AME,28,,7,2.4,2013
Cambodia,KHM,AP,20,,7,3,2013
Chad,TCD,SSA,19,,5,3.8,2013
Iraq,IRQ,MENA,16,,4,2.4,2013
Burundi,BDI,SSA,21,,5,2.6,2013
Congo,COG,SSA,22,,6,3.8,2013
Turkmenistan,TKM,ECA,17,,3,2.9,2013
Haiti,HTI,AME,19,,5,3.1,2013
Democratic Republic of the Congo,COD,SSA,22,,5,4.2,2013
Libya,LBY,MENA,15,,6,3.3,2013
Guinea Bissau,GNB,SSA,19,,4,2.4,2013
"Korea, North",PRK,AP,8,,3,3.4,2013
Venezuela,VEN,AME,20,,7,2.3,2013
Equatorial Guinea,GNQ,SSA,19,,3,2.2,2013
Sudan,SDN,SSA,11,,6,3.5,2013
Afghanistan,AFG,AP,8,,3,3.3,2013
Yemen,YEM,MENA,18,,6,2.6,2013
Syria,SYR,MENA,17,,4,3.8,2013
South Sudan,SSD,SSA,14,,3,1.6,2013
Somalia,SOM,SSA,8,,4,1.9,2013
New Zealand,NZL,AP,90,,7,2.2,2012
Denmark,DNK,WE/EU,90,,7,2,2012
Finland,FIN,WE/EU,90,,7,3,2012
Switzerland,CHE,WE/EU,86,,6,2.6,2012
Singapore,SGP,AP,87,,9,2.1,2012
Sweden,SWE,WE/EU,88,,7,1.9,2012
Norway,NOR,WE/EU,85,,7,1.6,2012
Netherlands,NLD,WE/EU,84,,7,2,2012
Luxembourg,LUX,WE/EU,80,,6,2.8,2012
Germany,DEU,WE/EU,79,,8,2.3,2012
Iceland,ISL,WE/EU,82,,6,4.1,2012
Canada,CAN,AME,84,,7,2.2,2012
United Kingdom,GBR,WE/EU,74,,8,1.3,2012
Australia,AUS,AP,85,,8,1.1,2012
Austria,AUT,WE/EU,69,,8,2.4,2012
Hong Kong,HKG,AP,77,,8,1.9,2012
Belgium,BEL,WE/EU,75,,7,2.4,2012
Ireland,IRL,WE/EU,69,,6,3.5,2012
Estonia,EST,WE/EU,64,,8,3,2012
Japan,JPN,AP,74,,9,2.3,2012
United Arab Emirates,ARE,MENA,68,,7,4.3,2012
Uruguay,URY,AME,72,,6,1.5,2012
United States of America,USA,AME,73,,9,4.1,2012
France,FRA,WE/EU,71,,8,2.4,2012
Bhutan,BTN,AP,63,,3,3.6,2012
Chile,CHL,AME,72,,9,2.1,2012
Seychelles,SYC,SSA,52,,4,8,2012
Taiwan,TWN,AP,61,,7,3.9,2012
Bahamas,BHS,AME,71,,3,1,2012
Barbados,BRB,AME,76,,3,6.7,2012
Portugal,PRT,WE/EU,63,,7,2.5,2012
Qatar,QAT,MENA,68,,6,6.4,2012
Spain,ESP,WE/EU,65,,7,2.9,2012
Botswana,BWA,SSA,65,,7,1.9,2012
Brunei Darussalam,BRN,AP,55,,3,9.1,2012
Israel,ISR,MENA,60,,5,2.9,2012
Slovenia,SVN,WE/EU,61,,8,3.9,2012
Lithuania,LTU,WE/EU,54,,7,5.3,2012
Saint Vincent and the Grenadines,VCT,AME,62,,3,5.6,2012
"Korea, South",KOR,AP,56,,10,2.4,2012
Poland,POL,WE/EU,58,,10,2,2012
Cyprus,CYP,WE/EU,66,,4,2.4,2012
Cabo Verde,CPV,SSA,60,,4,3.8,2012
Costa Rica,CRI,AME,54,,5,7,2012
Latvia,LVA,WE/EU,49,,6,4,2012
Czech Republic,CZE,WE/EU,49,,10,2.9,2012
Georgia,GEO,ECA,52,,6,6,2012
Dominica,DMA,AME,58,,3,2.3,2012
Saint Lucia,LCA,AME,71,,3,0.8,2012
Malta,MLT,WE/EU,57,,4,2.4,2012
Rwanda,RWA,SSA,53,,5,6.3,2012
Grenada,GRD,AME,,,,,2012
Italy,ITA,WE/EU,42,,7,2.4,2012
Saudi Arabia,SAU,MENA,44,,5,6.4,2012
Malaysia,MYS,AP,49,,9,3.4,2012
Namibia,NAM,SSA,48,,6,3.5,2012
Mauritius,MUS,SSA,57,,5,3.5,2012
Oman,OMN,MENA,47,,5,7.6,2012
Slovakia,SVK,WE/EU,46,,8,4.3,2012
Jordan,JOR,MENA,48,,7,3.1,2012
Greece,GRC,WE/EU,36,,7,3.6,2012
Cuba,CUB,AME,48,,4,4.1,2012
Croatia,HRV,WE/EU,46,,8,3.1,2012
Sao Tome and Principe,STP,SSA,42,,3,5,2012
Vanuatu,VUT,AP,,,,,2012
Montenegro,MNE,ECA,41,,4,4.5,2012
Senegal,SEN,SSA,36,,9,1.8,2012
Belarus,BLR,ECA,31,,5,3.6,2012
Argentina,ARG,AME,35,,8,2.6,2012
Romania,ROU,WE/EU,44,,8,3.7,2012
Hungary,HUN,WE/EU,55,,10,3.5,2012
South Africa,ZAF,SSA,43,,9,2.5,2012
Suriname,SUR,AME,37,,3,3.2,2012
Jamaica,JAM,AME,38,,6,2.2,2012
Bulgaria,BGR,WE/EU,41,,8,3.8,2012
Tunisia,TUN,MENA,41,,7,2.8,2012
Solomon Islands,SLB,AP,,,,,2012
Bahrain,BHR,MENA,51,,5,4.1,2012
Armenia,ARM,ECA,34,,6,2.7,2012
China,CHN,AP,39,,9,2.9,2012
Morocco,MAR,MENA,37,,8,3.2,2012
Ghana,GHA,SSA,45,,9,3.8,2012
India,IND,AP,36,,10,2.1,2012
Benin,BEN,SSA,36,,6,4.3,2012
Burkina Faso,BFA,SSA,38,,7,4.4,2012
Lesotho,LSO,SSA,45,,5,4.6,2012
Trinidad and Tobago,TTO,AME,39,,4,4.5,2012
Kuwait,KWT,MENA,44,,5,3.9,2012
Guyana,GUY,AME,28,,4,2.1,2012
Indonesia,IDN,AP,32,,9,2.9,2012
Serbia,SRB,ECA,39,,7,2.6,2012
Turkey,TUR,ECA,49,,9,2.1,2012
Sri Lanka,LKA,AP,40,,7,1.3,2012
Timor-Leste,TLS,AP,33,,3,5.6,2012
Ecuador,ECU,AME,32,,6,2.9,2012
Colombia,COL,AME,36,,7,2.6,2012
Tanzania,TZA,SSA,35,,8,2.1,2012
Ethiopia,ETH,SSA,33,,8,1.6,2012
Vietnam,VNM,AP,31,,8,2.5,2012
Gambia,GMB,SSA,34,,5,7,2012
Kosovo,KSV,ECA,34,,3,1.5,2012
Bosnia and Herzegovina,BIH,ECA,42,,7,2.3,2012
Panama,PAN,AME,38,,6,3.1,2012
Thailand,THA,AP,37,,8,1.6,2012
Peru,PER,AME,38,,7,2.1,2012
Albania,ALB,ECA,33,,7,2,2012
Brazil,BRA,AME,43,,8,3.3,2012
Mongolia,MNG,AP,36,,7,2.6,2012
Cote d'Ivoire,CIV,SSA,29,,8,2.4,2012
North Macedonia,MKD,ECA,43,,6,4.7,2012
Algeria,DZA,MENA,34,,6,3.3,2012
Egypt,EGY,MENA,32,,7,3.1,2012
Eswatini,SWZ,SSA,37,,4,2.1,2012
Zambia,ZMB,SSA,37,,8,3.1,2012
Philippines,PHL,AP,34,,9,2.2,2012
El Salvador,SLV,AME,38,,6,2.8,2012
Kazakhstan,KAZ,ECA,28,,8,4.1,2012
Nepal,NPL,AP,27,,5,2.4,2012
Sierra Leone,SLE,SSA,31,,8,1.9,2012
Niger,NER,SSA,33,,5,3.1,2012
Pakistan,PAK,AP,27,,8,2.3,2012
Moldova,MDA,ECA,36,,8,2.6,2012
Bolivia,BOL,AME,34,,7,3.7,2012
Gabon,GAB,SSA,35,,5,2.1,2012
Malawi,MWI,SSA,37,,8,1.5,2012
Djibouti,DJI,SSA,36,,3,8.6,2012
Azerbaijan,AZE,ECA,27,,6,2.5,2012
Ukraine,UKR,ECA,26,,8,1.8,2012
Kyrgyzstan,KGZ,ECA,24,,6,1.8,2012
Maldives,MDV,AP,,,,,2012
Togo,TGO,SSA,30,,5,3.4,2012
Mali,MLI,SSA,34,,6,4,2012
Myanmar,MMR,AP,15,,4,3.7,2012
Laos,LAO,AP,21,,3,1.3,2012
Mexico,MEX,AME,34,,9,1.7,2012
Guinea,GIN,SSA,24,,7,2.7,2012
Liberia,LBR,SSA,41,,7,3.9,2012
Dominican Republic,DOM,AME,32,,6,2.7,2012
Paraguay,PRY,AME,25,,5,2.9,2012
Papua New Guinea,PNG,AP,25,,5,4.2,2012
Russia,RUS,ECA,28,,9,2.2,2012
Lebanon,LBN,MENA,30,,6,2.3,2012
Kenya,KEN,SSA,27,,8,2.2,2012
Mauritania,MRT,SSA,31,,5,3.5,2012
Uganda,UGA,SSA,29,,8,2.2,2012
Iran,IRN,MENA,28,,6,4.6,2012
Honduras,HND,AME,28,,6,2.4,2012
Guatemala,GTM,AME,33,,6,2.7,2012
Bangladesh,BGD,AP,26,,7,4.1,2012
Nigeria,NGA,SSA,27,,9,2.7,2012
Mozambique,MOZ,SSA,31,,7,1.6,2012
Angola,AGO,SSA,22,,7,1.8,2012
Comoros,COM,SSA,28,,3,7.5,2012
Cameroon,CMR,SSA,26,,8,3.5,2012
Central African Republic,CAF,SSA,26,,4,2.4,2012
Uzbekistan,UZB,ECA,17,,6,2,2012
Tajikistan,TJK,ECA,22,,5,3.8,2012
Madagascar,MDG,SSA,32,,8,3.2,2012
Zimbabwe,ZWE,SSA,20,,8,4.3,2012
Eritrea,ERI,SSA,25,,4,9.2,2012
Nicaragua,NIC,AME,29,,7,2.1,2012
Cambodia,KHM,AP,22,,7,3.1,2012
Chad,TCD,SSA,19,,5,2.5,2012
Iraq,IRQ,MENA,18,,4,2.3,2012
Burundi,BDI,SSA,19,,5,2.8,2012
Congo,COG,SSA,26,,6,3.3,2012
Turkmenistan,TKM,ECA,17,,3,2.9,2012
Haiti,HTI,AME,19,,5,2.8,2012
Democratic Republic of the Congo,COD,SSA,21,,5,3.3,2012
Libya,LBY,MENA,21,,6,4,2012
Guinea Bissau,GNB,SSA,25,,4,2.1,2012
"Korea, North",PRK,AP,8,,3,3.4,2012
Venezuela,VEN,AME,19,,7,2.1,2012
Equatorial Guinea,GNQ,SSA,20,,3,1.3,2012
Sudan,SDN,SSA,13,,6,2.9,2012
Afghanistan,AFG,AP,8,,3,3.3,2012
Yemen,YEM,MENA,23,,6,2.2,2012
Syria,SYR,MENA,26,,5,2.7,2012
South Sudan,SSD,SSA,,,,,2012
Somalia,SOM,SSA,8,,4,2.3,2012
